timestamp_sec,target_id,truth_e_m,truth_n_m,truth_u_m,track_e_m,track_n_m,track_u_m,match_error_m
10.0,0,-817.6154971480079,952.7704398376931,175.09456847591042,-841.1086998365754,961.01836814577,187.461507410647,27.80108042067422
10.0,1,847.4164957161587,367.9892783286266,44.48709658442879,832.2925663612629,379.9595793522428,42.84858455598726,19.35732593606915
12.0,0,-793.2334306682369,952.8109408064762,175.21039132211493,-816.9032660277749,953.402562856189,181.99628309681913,24.63045776625635
12.0,1,871.5305259597038,367.8852738467337,44.63289762706627,840.3558850332453,382.7305672998929,41.53171942510443,34.66782774914459
14.0,0,-769.4272722857647,952.8492628684818,175.3113218011695,-772.8803643067998,933.5841269117507,192.37742514692042,25.967695148875286
14.0,1,895.4509694018252,367.79457190769716,44.76250924770508,862.5558813790345,377.9540702022404,43.603707284527765,34.447714635572524
16.0,0,-745.005765669752,952.8491070117994,175.36056612071775,-737.359758484529,955.3445298352509,180.5505754064532,9.572082183637157
16.0,1,919.2959302223006,367.71246062748753,44.80618489770057,891.2684367882508,379.18658723867986,44.86801303776727,30.285306543013245
18.0,0,-721.1162971845372,952.8303040355772,175.389744322312,-724.3030450340985,951.1441324922085,178.9046843467885,5.035209996218355
18.0,1,943.154781032625,367.64658083834195,44.85283084711382,920.435063515173,383.4265259786388,43.0746214402739,27.71920383773973
20.0,0,-697.163229028982,952.7774010614552,175.4303540433072,-727.7662343063482,960.6534094808579,178.878787749717,31.787845722170506
20.0,1,967.1965600617967,367.58712334943095,44.887536761865,945.5941249208663,381.9991840506876,42.28839037594763,26.098434045172873
22.0,0,-673.2163288656578,952.8040330285991,175.44462805088034,-704.7957484057251,954.8646022773557,180.17116065214282,31.997590449083873
22.0,1,991.5179391673969,367.508039834154,44.90795183669466,970.306230302848,386.2504794430681,48.26894889568731,28.504595009905554
24.0,0,-649.1160433611811,952.796198071552,175.35517784619736,-675.8264007095497,958.1605314858107,181.93126955562118,28.0261350319239
24.0,1,1015.4182522631577,367.46243843963265,44.87992190478054,998.3455098591265,383.977954657286,49.02449325487697,24.112616631257865
26.0,0,-625.0218066690297,952.8166939440166,175.33044264997122,-648.3399096127442,963.2992620075016,178.92669730767142,25.817652985162955
26.0,1,1039.3423766419658,367.40871454109185,44.87236211715162,1023.2390409968746,381.2053452739492,45.993093328795425,21.234888201401983
28.0,0,-601.1225360737069,952.8275641154333,175.25817835540056,-633.1212583969452,965.3302831249181,179.245210734174,34.5851505727419
28.0,1,1063.176276902089,367.36947323669006,44.83097743423516,1049.120478931736,382.87328938330677,47.95705316500747,21.159067114738264
30.0,0,-577.1424699493265,952.8524852389912,175.17679730576137,-593.1535051565637,965.5846492594347,175.66901680962792,20.462246433147392
30.0,1,1086.843236290763,367.3698834242748,44.79078574768912,1075.4681019156308,377.29341775512637,50.86937248685227,16.27327356168488
32.0,0,-553.1422258509788,952.8745068816413,175.06678813402294,-567.4520067645142,965.1381456275062,177.3052295581688,18.978337258353097
32.0,1,1110.837675111623,367.34936496208906,44.70701707867371,1102.6045703045424,378.70916706504937,45.99529273130241,14.088604357421273
34.0,0,-529.4107781287546,952.8737086382688,174.97147119384067,-542.7274963119056,961.1005590987749,173.42260648583573,15.729432079789044
34.0,1,1134.6317430937977,367.3428878946602,44.6204084549909,1130.248812009156,375.68755854787815,46.71468530114013,9.655548079302031
36.0,0,-505.43174311205473,952.8887005455608,174.86621340694217,-513.7763761356165,962.6272819761119,169.9678281886001,13.728330063218335
36.0,1,1158.694896387232,367.3166235351949,44.58308612544318,1154.7125879395894,373.77230683946465,46.93199486119756,7.940528933647641
38.0,0,-481.334325692393,952.9329173033192,174.78154804721748,-488.0744477876965,958.9090782699687,166.4669060785219,12.258752661934984
38.0,1,1182.9032867238147,367.29190923654335,44.47702706229094,1180.648265036924,371.2942554284984,44.536834499729,4.594287189344809
40.0,0,-457.2826516446443,952.9711475702229,174.68493467523467,-466.80994432089705,956.7654394116264,166.1056800792016,13.370473654297918
40.0,1,1206.8830559965256,367.27403605677,44.367530418161394,1205.3969723689222,372.3909981333637,43.10474395359372,5.475981655979557
42.0,0,-433.07700575542543,953.0336983981119,174.5557865678436,-438.7001507744782,955.3119612931821,170.027254289644,7.5708550586473935
42.0,1,1231.0364859715864,367.2572060023597,44.29186502276451,1228.4700360301167,363.98149913102776,47.97990387440244,5.560445250171242
44.0,0,-408.7878784995262,953.0259000286085,174.46592698383805,-406.04685617530254,956.7346247890222,167.38547648013093,8.449888878905117
44.0,1,1255.1378041841037,367.2500113525995,44.172929908592884,1251.141966383847,365.6541616014425,47.4112149907404,5.385159833049349
46.0,0,-384.8015931087882,953.0699677908594,174.38356043249684,-382.405282802801,953.5839473647106,177.08761771526866,3.64943884363446
46.0,1,1279.004595024507,367.2020981493826,44.07850338606767,1272.6642894512413,359.46574971940305,44.20070004871957,10.003274154835166
48.0,0,-360.5564805069622,953.0879464713571,174.29411794226104,-358.89230544232714,950.1332295837756,170.76615687664057,4.89349975089879
48.0,1,1302.8247592719965,367.1773370750519,43.95960055915012,1296.5651561239529,365.3270502606377,41.941540577217054,6.832185518358884
50.0,0,-336.2905800466837,953.1176330292394,174.19130823777752,-328.24405727536725,946.7434864513308,171.95202442357578,10.506696212726643
50.0,1,1326.781659193543,367.16982740868843,43.86076408107715,1320.4839229818076,366.9795258119316,37.60232594215857,8.880638717400997
52.0,0,-312.0707738722232,953.1185391194607,174.14408810463556,-304.85104472995374,945.5925515878937,171.21684590929164,10.832069242911933
52.0,1,1350.8748679678602,367.13366291690863,43.735279185997086,1349.0464944166058,369.76886643655496,39.211272452218566,5.545618483105036
54.0,0,-287.7890385333519,953.1222425201847,174.03491391480145,-280.62302486689566,949.420281960222,170.24267243161052,8.912763843061882
54.0,1,1374.355520452823,367.14132246289876,43.64751778788019,1376.5586383488837,369.67124032597,41.1759113353433,4.166899484515126
56.0,0,-264.0069759390618,953.1454193412997,173.94755084867836,-257.181791663109,951.370661379644,171.6455057942027,7.418377023042819
56.0,1,1398.2414545702436,367.12354634213233,43.540400648116176,1405.229728224506,367.61087869730125,41.9647926342037,7.180250838568139
58.0,0,-240.10652817090119,953.0926366386008,173.90805357383047,-234.74139073077188,952.7956135322404,175.5070335765457,5.606216150512959
58.0,1,1422.1616610601607,367.1316577419953,43.43039483299393,1428.7101654153319,365.64090631315213,41.985328346643065,6.869750087322568
60.0,0,-216.3493380768932,953.1008134591136,173.85885857988896,-212.32772505843022,947.05760568211,178.33861506461815,8.53006152784267
60.0,1,1446.4152500356715,367.0913874780761,43.35114527131893,1449.983707878157,363.7467884171352,38.59637190866051,6.821151221186143
62.0,0,-192.51507838860647,953.1051377594861,173.82526971576078,-190.01753454395833,949.6894313156888,177.78862975899088,5.797671825690964
62.0,1,1470.7295932990025,367.09840839779906,43.276487121943134,1472.1934097045394,366.3242894498804,42.07661602849505,2.044922799407779
64.0,0,-168.64543913110163,953.110869520587,173.79638083177053,-165.68859286777007,953.3773959786978,174.46422966927074,3.043024523003591
64.0,1,1494.818625621928,367.09559188260204,43.21344474455192,1499.4131501272902,367.6591526415603,37.67452780368836,7.218507950899311
66.0,0,-145.0095081690001,953.0868376175594,173.76400267948296,-148.09944290869458,961.4967555861801,178.3730271015145,10.0755904570097
66.0,1,1481.5334978949206,367.0862019030403,43.19940289173609,1511.9386166719148,366.4327316442669,44.45216473721382,30.437931655480643
68.0,0,-120.4862755866333,953.0600258125725,173.77265488515195,-125.2285442341902,956.3135164501194,177.34853275364574,6.772090946272845
68.0,1,1494.1739586130902,367.0914903725491,43.17717139948656,1521.9882315987043,372.0372562005572,46.590527914250316,28.45602544349141
70.0,0,-96.34436696288522,953.0824366263199,173.75643457114697,-99.52080229997841,958.231179779876,177.34134788776092,7.032133460029123
70.0,1,1481.8609300163173,367.1081514805383,43.139934133308046,1446.96187308321,382.76870675794976,61.362914037990144,42.370675744240444
72.0,0,-72.06877059871815,953.097505884722,173.75551666697848,-74.27340467349326,954.3750769818446,174.83536041052622,2.767428738439682
72.0,1,1494.149618782201,367.0792089817342,43.155306535917454,1482.2019692197398,382.23457224263746,57.31231759321565,23.934333659280764
74.0,0,-48.28162008020185,953.0838424297708,173.79716194390502,-51.08818024950672,955.527680755759,177.52270745900464,5.265815713882899
74.0,1,1481.8891617890527,367.05459385470283,43.15067485332756,1501.025224740037,385.0495985980872,56.31137205854533,29.380487604971538
76.0,0,-23.97219871061031,953.0901699772701,173.85563331410634,-27.440896154989606,955.4341392568767,178.0077510624561,5.896281518087837
76.0,1,1493.9802538762058,367.04480378876,43.195643336177504,1523.2980932655048,392.4949334059376,55.51047496915841,40.729594671891114
78.0,0,0.12077817119516876,953.0900367687768,173.90177708647354,-4.149210196278691,952.8008196232782,178.47014160587656,6.25990428023886
78.0,1,1481.964301354984,367.0600640616524,43.26374820225877,,,,
80.0,0,24.19077583145815,953.1627512836856,173.9821176006436,20.50561861327375,951.8428461275935,178.38285139146726,5.88973609268805
80.0,1,1494.009032728753,367.1510320943394,43.30123275365952,1488.8155368229466,359.77741504016024,44.362978251199195,9.081295705286577
82.0,0,48.07586688989229,953.2210114353802,174.07893632352062,45.039056821404365,956.2941895383365,178.2740273827464,6.022078382066735
82.0,1,1482.1839171813767,367.2472853180639,43.391054300673865,1485.3697972873565,374.8481891268875,52.405531758564294,12.214105558717002
84.0,0,72.27828230039621,953.3174758356173,174.17018944979708,67.06280879910176,957.3079862289206,177.92020339696364,7.562270931784338
84.0,1,1493.9401090342444,367.3262292530879,43.45506589074612,1481.617778683218,374.54833570054916,45.94794594293681,14.49872745356987
86.0,0,95.96637743936438,953.3523443448225,174.2748314764863,96.3976988182084,954.1570387181303,180.18585727191206,5.981120055681018
86.0,1,1481.9315748958702,367.36012167197265,43.534103488106425,1489.0720918125091,367.97528823957475,61.303786036575424,19.16055921981574
88.0,0,119.96890924083714,953.3840911160314,174.3662480554076,119.2869214006338,955.8612170944579,176.96364671436592,3.6534559420826307
88.0,1,1493.7855145621804,367.41373733941157,43.6126962763106,1502.4999453065582,359.0742673169009,60.00203679303261,20.34941144180775
90.0,0,143.9414449940854,953.4184756381043,174.4697330632337,144.71096766067132,952.5770704756098,169.42749618732546,5.169553220021103
90.0,1,1481.9740620263972,367.46595539306736,43.705642338122296,1496.1861096550736,358.40970964440584,56.847293027221674,21.370560771636804
92.0,0,167.86480391778323,953.4797982595269,174.61167980524434,164.44854563996884,953.6109593855565,169.71650550205496,5.970825346660404
92.0,1,1493.618311973569,367.4819346936798,43.83070168282084,1496.5352733683458,364.2532489008416,56.66762790421668,13.55432589769973
94.0,0,191.78284865794527,953.506900551325,174.75974301781048,189.9204934696798,953.8016761422293,167.36367137218338,7.632636194887158
94.0,1,1482.4205548122632,367.5383673405565,43.93290680449419,1495.2327890377055,363.2178230314368,49.87844223194017,14.770573465295044
96.0,0,216.23108988120342,953.5352495985255,174.88994163376222,213.88912854276327,953.5629533830654,168.53522952288745,6.772585652653252
96.0,1,1493.5712422014064,367.5680007368051,44.04042350697672,1495.4091178403598,359.3545875223895,48.86774339930608,9.702626491722423
98.0,0,240.0630070787594,953.5559714355569,175.01283793729925,241.07531945234624,947.0976563742533,174.5655562231609,6.552455318777827
98.0,1,1482.683932810103,367.59206221266004,44.14962809912484,1487.9498477370846,362.72932623639434,48.672625017375374,8.47546826526891
100.0,0,264.0291428653036,953.5817222780745,175.12974870930987,260.16911464277996,948.8178110527759,170.5449665298376,7.656036551271869
100.0,1,1493.2784833161352,367.6052428965779,44.263937975224636,1487.814970183872,362.7416839114718,45.28827717295647,7.386030905704952
102.0,0,288.18683910719386,953.5850621919592,175.27744590328285,282.7573620899789,950.0848782865045,173.37240341109734,6.734960649439746
102.0,1,1482.4021317449508,367.6159551933763,44.42267664565118,1479.5308171371978,360.3722170821986,38.878467308151855,9.563181822910144
104.0,0,312.0331968787254,953.5668219957665,175.38406816102508,303.0192011188874,944.4661235708278,170.38905968476166,13.748634152453228
104.0,1,1493.4375049461826,367.5879714350604,44.55731558712862,1483.1561572498329,362.65272505164364,35.66002573776543,14.464595880350238
106.0,0,335.21489416983485,953.5876045540632,175.51001766540958,327.74725600467843,947.942084219181,172.2777620032308,9.903786966759546
106.0,1,1482.8161822726427,367.5821441378139,44.65447098216129,1482.436214674077,360.05203255040647,38.934109596686014,9.464115926762723
108.0,0,334.35239299177624,929.927020052811,175.61614568348736,340.11074101333566,937.7721575776388,181.48097891280796,11.362263134103241
108.0,1,1440.7490334453014,343.6710684990526,44.764252783095905,1468.8197310914788,354.7013140101712,34.51003120368676,31.855603001329055
110.0,0,333.5925064982101,906.1869022237014,175.70738230215034,350.72356935373733,926.7057977770834,178.95281478986723,26.92640379484329
110.0,1,1476.4826716867742,319.73315590976847,44.89012513720468,1466.703957365582,341.96802947901955,34.5995488944629,26.3800836962992
112.0,0,332.91785114801814,881.9511233846108,175.7949029702212,359.7700105098225,914.5836664002546,175.84427600943883,42.2601912413631
112.0,1,1446.1121230186275,295.7233624906575,44.98647463854384,1455.470716913841,330.3614481952818,31.427042584944246,38.35672638003158
114.0,0,332.3590825587801,858.106556207775,175.86861220600244,364.7336547507228,898.1697087112681,174.6692274532539,51.52288459427108
114.0,1,1471.9091814183744,271.506120975203,45.09564220265117,1472.2205775502723,310.9970810126484,38.53513153855474,40.033400959746025
116.0,0,331.906026998122,833.524664212607,175.94489892850453,366.4340202339657,877.9344109966889,173.62857450487698,56.30073965017011
116.0,1,1449.9802208848507,247.60774188542933,45.15666475202614,1470.9156398719801,288.0837026730701,38.86140984341298,46.002449980557664
118.0,0,331.51206412861404,809.5867307678876,175.97133024754257,369.7802040484353,855.531297280626,178.6012694387835,59.85207018237613
118.0,1,1468.6268599079585,223.63916923416832,45.263270343066125,1470.821196508948,260.85686152315225,39.9207131495041,37.66317365547435
120.0,0,331.19254643327645,785.6851538473964,176.0195278922131,,,,
120.0,1,1452.7587578270586,199.71504786407434,45.323159871630374,1463.4394016923768,232.48212795580727,41.607488517076916,34.6635818220052
122.0,0,330.92146293489236,761.6459653456478,176.04772292939353,321.7978634815255,762.4909791379989,179.77383902693663,9.891312171148455
122.0,1,1466.2243740304375,176.1473276262548,45.366252324601405,1462.01929811937,202.2612974187464,48.05676103931841,26.586856130143957
124.0,0,330.6591417145512,737.6838880186151,176.04797007935554,330.1098690920031,739.5929185784036,170.7290732112204,5.6777426840201946
124.0,1,1454.766597493406,152.3439710728194,45.43976326729819,1457.6093020380456,172.72442655138735,54.586651210966735,22.519091760016327
126.0,0,330.4577849712187,713.8769667840318,176.04620460804225,327.29519773773677,726.2095657120153,178.28437252186777,12.926884773152503
126.0,1,1464.4923514195339,128.07254883815565,45.47908586630838,1457.8348930899263,148.743319143901,50.861540666440575,22.373495840364587
128.0,0,330.2501439129867,689.9529345950901,176.0730157654727,329.0310500092922,696.4746214155659,174.38407620447626,6.846247568638719
128.0,1,1456.256725366661,104.2723085814369,45.5085991225313,1453.678045715279,122.25939994966626,51.058141936973136,18.9995386807892
130.0,0,330.1030047060182,665.9609639583582,176.08130627560416,326.528109406907,667.3683625507568,173.2890493625713,4.749457428577829
130.0,1,1463.2620486806863,79.9540619738367,45.54403059991634,1455.6201021071745,94.31468522176685,49.15702824277728,16.663751062372487
132.0,0,329.9741936925576,641.7825668032754,176.04417070876403,317.9251615638136,633.973047470246,173.58146195099735,14.568208602228514
132.0,1,1457.3205865607365,55.81682884346593,45.5324687958621,1455.902395116586,71.30797551096204,41.92710226956046,15.968267277169247
134.0,0,329.87095698762823,617.7170172738196,176.0112795555879,323.74160258460296,603.5993567002268,167.78042666886006,17.45348861150732
134.0,1,1462.344948747638,31.803636187647665,45.52090820374215,1459.5054402836518,42.101425536558594,43.95279749066388,10.796584876712808
136.0,0,329.79753018447366,593.5005433330286,175.9847700208032,326.19632729202766,586.3241318762292,166.1084022920186,12.728400653028698
136.0,1,1458.0492417789062,8.261531748211084,45.469394876290195,1455.7576264751297,12.32488912893573,41.89622605484741,5.876215561951687
138.0,0,329.6952957269722,569.5649387896087,175.93648627189754,324.8549020607041,563.5108749583335,161.26470708971678,16.59343858542514
138.0,1,1461.7144827655484,-15.600009089154568,45.40465014397574,1452.3660225522308,-11.910702506604956,44.78742888748327,10.069044319074779
140.0,0,329.60936300259624,545.7330717404299,175.83759459761788,327.21360841744354,540.414513788995,165.28614798213312,12.056522068759133
140.0,1,1458.620294262632,-39.59115569929593,45.364026018482754,1455.6156456058616,-38.161981524400915,46.112798083620994,3.410441610458958
142.0,0,329.5411799511199,521.8878581177843,175.7648255566386,330.40780204813177,514.8469579905459,171.68166388029132,8.185201142059126
142.0,1,1461.2319337547647,-63.54598578115546,45.30028553209065,1460.0283493025938,-62.007702384330784,49.11237981970154,4.283339141381339
144.0,0,329.47874763436135,497.30269178344236,175.6617012972787,320.2995141873768,495.24234952860587,165.98548664618295,13.495646218517463
144.0,1,1459.0090353700996,-87.75790249919555,45.238560952571255,1461.6237381396575,-85.3399212803928,49.453081650108565,5.517743058315316
146.0,0,329.4641261411249,473.4804608687809,175.588064066152,318.4020334995804,472.01796501203296,163.57125585739922,16.398550767280184
146.0,1,1460.903114507282,-112.03970261633347,45.14068675976255,1457.7484326516483,-109.41026477890985,51.563552555355336,7.6235927212394685
148.0,0,329.4008597368136,449.4437245191398,175.50244555451374,318.18081536861746,449.9305542440038,169.17738671264595,12.889250100699824
148.0,1,1459.2861526485738,-135.69875936250236,45.01002322682221,1459.152265131036,-139.70001974165626,51.699202234614425,7.7957120449274715
150.0,0,329.3550910639601,425.23779613089823,175.39108904889227,320.88974597582273,429.7574752158603,168.11936866623225,12.040244342034287
150.0,1,1460.652891195017,-159.55112921514947,44.922230003373095,1458.67742852949,-161.24019261641794,49.08658250032962,4.908891894847908
152.0,0,329.34497745375546,401.27127978328804,175.28175639950098,320.4854194515555,403.52905558741514,168.24308240047887,11.538294988452877
152.0,1,1459.5053154257582,-183.42333551906876,44.805461866352324,1452.9320059215543,-191.35618172301793,50.543785287502416,11.792658835872789
154.0,0,329.35219657569735,377.6516086118297,175.1726535393757,320.54688966835124,377.3555178364155,173.13219654940087,9.043481863075723
154.0,1,1460.473323923101,-207.20749322901514,44.72450677481889,1448.4567345585374,-212.47715660436583,46.7679405979624,13.279434996852098
156.0,0,329.36469921430364,353.57502242330463,175.06314904908805,325.693243967397,354.2281947545999,176.7042906063411,4.074256169578803
156.0,1,1459.656146454535,-230.91017005827845,44.61932498427446,1453.0665650877013,-236.12119302063172,43.95422605110133,8.427318642083218
158.0,0,329.3461002577337,329.6656107328174,174.93247626537575,328.8740496026734,327.9793415710817,173.04028356008098,2.578125043657601
158.0,1,1460.3287333096855,-254.9552521353604,44.52503131387335,1455.5063123172872,-256.3547135808202,44.190052600847,5.032538852650115
160.0,0,329.3351078893401,305.8505892671575,174.8064827748298,326.5754568461818,300.1913336647477,172.5462659222267,6.689650818555687
160.0,1,1459.8021180134274,-278.8662569671628,44.38121959088183,1457.8062598271986,-277.25959312502056,46.29926761953692,3.2005822659965517
162.0,0,329.30406544406395,281.8754288000394,174.699248677308,334.42020614919574,279.8064741856689,173.68883868882023,5.610382986558691
162.0,1,1460.2085588459388,-302.97853621497086,44.252004525962676,1457.6137363716919,-302.3548402463381,46.56473251612945,3.5314035581687127
164.0,0,329.2445541185417,258.18761245000616,174.61292967412996,320.005718062724,258.4411329337938,174.09236064187655,9.256962591439962
164.0,1,1459.863508915145,-327.2621749962145,44.13302202309875,1454.0578356433962,-327.4834973551139,40.698960034822605,6.748896759039326
166.0,0,329.181040995326,234.3414254925818,174.47176794598207,317.53534104387325,231.05815422742856,173.04013152016574,12.184078972805926
166.0,1,1460.1334991152846,-350.81461799709973,44.001508807904685,1458.6173007012862,-354.3037649670977,40.98825248683178,4.853114244002829
168.0,0,329.17558252568165,210.17886512927487,174.31442935347997,318.4727073682702,213.55542490128778,176.48579679273266,11.430989855885505
168.0,1,1459.9367124659643,-374.98489806624156,43.900497287486026,1457.1150293044752,-379.8560308301945,41.97355995436687,5.950035105245645
170.0,0,329.2145689897582,185.85217678013598,174.2343996810273,321.83650617139375,183.86525111676312,175.93063884916253,7.826935023303697
170.0,1,1460.1271054517927,-398.68550329718573,43.821049453434455,1460.2452967971983,-406.34359843917036,42.342573339495374,7.800402683022577
172.0,0,329.16141404636227,162.16647590727572,174.13040985077149,323.24419555189456,156.8948565572129,175.60561562393448,8.06099729291611
172.0,1,1459.9499744782793,-422.3686438524234,43.69660229945108,1463.6801012183814,-426.88296191135925,40.503981941942236,6.669762947934442
174.0,0,329.1362838432627,138.33796892880463,174.06354910278515,323.44993335578175,131.20291008517088,177.13589398112347,9.627198430490688
174.0,1,1460.0971486361498,-446.1539632996689,43.58291322960706,1455.723833751464,-452.0108512994406,42.42877464938403,7.400071349983235
176.0,0,329.147896720127,113.99689264422652,173.98312116371702,325.3854809992619,109.6059534931768,179.9254588179085,8.291410946350192
176.0,1,1459.9798050946397,-470.04041002766326,43.484566598418084,1456.4293501182567,-476.16143255318747,46.3317948896958,7.627539330606541
178.0,0,329.1091819472372,89.9200116876009,173.92368536870862,329.50695867777824,83.31133544785207,177.2772625424272,7.421543493726017
178.0,1,1460.0287747244429,-494.03490443501795,43.4147522388452,1455.5144016800743,-503.21937559275085,47.6141698777919,11.062060519507451
180.0,0,329.1205049974345,65.60738636112634,173.88045416029982,331.7263204012111,58.7258929634177,187.43550772911024,15.423511356192119
180.0,1,1460.0194754377285,-517.9300424424611,43.337180114178764,1454.230855251259,-520.6766552742845,44.568470830960806,6.524422008145391
182.0,0,329.1024756963018,41.61721468141452,173.85257816750712,334.72870139108784,38.71162863422323,184.6199790180029,12.491347682358416
182.0,1,1460.0417971170396,-541.4608129142631,43.25831224930228,1449.871589256632,-546.1828494488649,43.09203927696064,11.21420544039306
184.0,0,329.115816355231,17.60850362293544,173.79956705470923,337.0477306416247,12.984681614204398,182.37503120184215,12.563183495988747
184.0,1,1459.9862396942867,-565.6106505937208,43.225605686308555,1452.8310426119015,-570.7058467967928,42.85297845136578,8.791855361173463
186.0,0,329.12283085683424,-6.41546546020543,173.79760881444716,331.74214837969924,-10.244307266082114,177.90335294693938,6.194997073567587
186.0,1,1460.0445686963242,-589.7634351158653,43.21808379889286,1448.6190469236244,-599.9654805414251,45.98398859936274,15.565169707037738
188.0,0,329.1079289428744,-29.98178442124207,173.81108613016758,332.1254161398202,-33.333388145940575,175.2820738503614,4.743656963156739
188.0,1,1460.038174938247,-613.849678216978,43.215938643280026,1455.2365528911107,-623.5627070882824,48.85493413899572,12.214613147334695
190.0,0,329.11526035157596,-54.24260827038248,173.83943652254678,327.767024429855,-56.74222772023978,173.546914985824,2.855066784537685
190.0,1,1460.0063941370468,-637.7665306529734,43.213521407469926,1456.7709144595165,-644.5798764901011,50.93745714483079,10.795795177516908
192.0,0,329.1022871160619,-78.50933538765575,173.88551481812456,322.31307477991743,-86.72767347272462,174.44941664425923,10.674852237631576
192.0,1,1460.014885097506,-661.4747193159974,43.204513961742784,1462.2874795652983,-661.8505050788754,47.24976547798012,4.655100469833302
194.0,0,329.1073767075233,-102.73617962490991,173.91515120285035,318.3465381188529,-116.47945602282667,175.7681645524229,17.552975581212674
194.0,1,1460.0442422747703,-685.6507652483397,43.21476705407308,1464.4680149581036,-684.414301840655,42.99024550415658,4.598805979678387
196.0,0,329.1314122687892,-126.86091583603191,173.93755401777236,320.8331571348044,-138.64590070420243,175.18621931507087,14.467414130949255
196.0,1,1460.0050954898618,-709.8056653957733,43.238576064306045,1461.2239694261075,-709.2955539386961,42.45812088377297,1.53459364651409
198.0,0,329.1097449368049,-150.7421734550912,174.00247815986904,316.93687940646635,-156.68559155711253,177.66802909829386,14.033500548235487
198.0,1,1460.0578714927442,-733.7527208938066,43.2814332888801,1462.6396836594758,-732.9951982849418,43.463589250184256,2.6968083657285478
200.0,0,329.1404033826678,-175.10415639790784,174.08396500678788,316.64370340631655,-175.77022455202817,174.55640036815237,12.523352277067746
200.0,1,1460.0251069224748,-757.734512981823,43.324373307294174,1461.874129707757,-752.4808289973456,43.329261937913856,5.569569513701715
202.0,0,329.1426269583062,-199.1490768338023,174.21645161076967,318.06682003290877,-202.65934111004248,174.24546284879105,11.61879064230273
202.0,1,1460.0447160462431,-781.7779243183905,43.362511942253576,1458.5546647010353,-776.8667118524912,44.58496758433828,5.275856204771434
204.0,0,329.1599482602124,-222.33411553353838,174.31101553340173,315.51644459759217,-225.9502304700037,172.31541486385922,14.25496059124463
204.0,1,1460.0405394236302,-804.9211506932631,43.455477816720666,1458.6047606783236,-802.0001288039833,45.39603531273024,3.7894053462838966
206.0,0,305.05414621357835,-221.73857072052363,174.38312735453948,314.0816961231006,-242.7634719994562,170.99953363007631,23.129890567186035
206.0,1,1436.1851487765134,-804.4509939779894,43.52024065753985,1453.530512152499,-820.9823912143617,46.7954205250481,24.184199974286003
208.0,0,280.7614780648212,-221.24564175813137,174.48331020919272,301.71846555351664,-253.22616726282524,171.63454454047204,38.3414240996992
208.0,1,1412.1737650490522,-804.0745107300785,43.615308817815524,,,,
210.0,0,256.55072391811456,-220.822021463608,174.6114939033798,286.5053202237621,-257.7983946730462,172.77273840253412,47.622589569970486
210.0,1,1387.9808699629064,-803.7196775013673,43.732688492186185,,,,
212.0,0,232.4488854608809,-220.4759887748946,174.68915970469254,267.11288572286105,-265.4109913440407,175.22437840783937,56.75415252747527
212.0,1,1363.8386705063895,-803.4356992998046,43.85067599573982,1354.3906086668494,-805.3801781656642,48.226404536720196,10.592160820526573
214.0,0,208.40571292745054,-220.18981570442827,174.77560694464933,249.37534737011745,-264.79575437731177,177.90318695869968,60.646372257531524
214.0,1,1339.5586509902812,-803.1778714405614,43.95811333409606,1339.0853036811893,-799.0236716185009,46.79047417042619,5.050118983133825
216.0,0,184.3166573656325,-219.91223831619925,174.91200757389876,223.4198999236666,-269.57981645781507,175.42582388438302,63.21547203182843
216.0,1,1315.6438102725538,-802.9675052460085,44.09798504374762,1316.0696610919874,-803.3004478069084,46.58773594406023,2.5477557211943163
218.0,0,160.6418057198193,-219.64174706161174,175.03461909499305,,,,
218.0,1,1292.0750742934285,-802.7995209127117,44.19137252605767,1296.6687712809976,-805.0836118223971,44.31411846102758,5.1316848950281235
220.0,0,136.9032207256321,-219.46281780268004,175.1303733045344,135.24267250743608,-202.32933192337757,177.19926874648914,17.337649411351936
220.0,1,1268.1620564754112,-802.6649959572587,44.312665638966706,1278.7857097696215,-809.3816506014488,40.27176424745127,13.202437009160686
222.0,0,113.0486798643525,-219.27559458957558,175.2523816883245,99.42947977084005,-206.07950504374074,168.6966537644923,20.06481894012837
222.0,1,1243.851979067875,-802.5171024442466,44.41517792223624,1255.7192570996629,-805.3112846770903,37.24145509201789,14.145742874762412
224.0,0,89.22094606102316,-219.1411931009083,175.36010185360635,75.89256645395216,-211.11811489446418,184.76793901675765,18.18028841754925
224.0,1,1219.9226492989753,-802.3928049103853,44.5358036535493,1232.5445800215552,-807.6059595380884,40.97448303503338,14.112870752820497
226.0,0,65.48402645698293,-218.98357715111092,175.47435386195951,60.361221081584425,-208.12457767540508,188.30127891061264,17.56960474032801
226.0,1,1195.8837560972927,-802.2941621985052,44.6755408618535,1203.0276676779295,-805.8708879456589,41.571208747302855,8.571191143577332
228.0,0,41.430832992816,-218.88827287877905,175.54881444084705,37.67307899178452,-209.66248083141568,189.85434654228885,17.432274743671382
228.0,1,1171.9226522361753,-802.1705305573655,44.7806205245833,1175.8166464843657,-806.6987819726448,44.29690244811054,5.991847399794654
230.0,0,17.437181533935952,-218.8159433472313,175.66600161252413,17.22736898472681,-216.07652035776286,187.3777738579937,12.02971607107937
230.0,1,1147.4934797624971,-802.1307102764523,44.89008944534243,1155.705842231342,-805.6017253764292,36.663340704310656,12.131374118047326
232.0,0,-6.287539738886595,-218.73038615378,175.76929914207318,-9.06085032327534,-216.76011195098968,184.9387165835113,9.780155839607739
232.0,1,1123.3600578221196,-802.0494537490715,44.94164977372595,1131.0055380972833,-818.1562893069583,37.25833478864481,19.414346486212107
234.0,0,-30.22128863245581,-218.6273577071986,175.87902252028067,-38.135517562214744,-215.70322723857328,172.12912373221369,9.232946413302876
234.0,1,1099.2003829590803,-802.0156868004069,45.043294786636594,1101.6216435479184,-793.8660295974665,39.74580083200189,10.017128209416597
236.0,0,-54.48454455351405,-218.55587084429573,175.91965736130342,-65.5747242035617,-213.30674947146213,169.8302984818399,13.697651310351382
236.0,1,1074.9950225057553,-801.9524774081757,45.16250464924786,1077.246890612118,-793.6399205143163,43.15302497609782,8.843501605071767
238.0,0,-78.29272080510775,-218.5074049152771,175.96907231844992,-91.87128265737941,-216.10504180844094,167.97446058824576,15.93933835483056
238.0,1,1050.69460613609,-801.9185671018912,45.20942400172561,1051.4122989681834,-795.100007579536,44.849939191108284,6.8656439093651604
240.0,0,-102.2514387037866,-218.3977456002705,175.99952073110987,-110.30500907109953,-220.74225691098798,173.06580784834787,8.886135280639543
240.0,1,1026.5199358578573,-801.9889956002918,45.252267629873884,1027.4760260389473,-796.0870731471645,43.30363470543052,6.288399426827946
242.0,0,-126.1203739561431,-218.2886490947351,176.02723998488528,-132.62179490286454,-224.44118342640232,175.6334401966233,8.959756207735083
242.0,1,1002.5891386826715,-802.0402359968336,45.31307105088093,,,,
244.0,0,-150.09975437266974,-218.19504493131686,176.05358247853164,-152.20156074111893,-223.50326831110735,175.6421987770568,5.7239900427976895
244.0,1,978.9155041542972,-802.0354369904176,45.370682332783936,980.9424651557331,-796.3758206047544,45.260098463015254,6.012658091598277
246.0,0,-174.00550018863026,-218.12943237588976,176.06864598345473,-171.87617723505593,-227.41844838919437,172.31332980281564,10.243155488062142
246.0,1,954.8600691193503,-802.0394141508058,45.3742863729041,960.9297518045255,-798.4321273397287,45.447580283292275,7.061086179433431
248.0,0,-198.18860169870973,-218.0796931988898,176.06545425026775,-195.18157659382612,-225.39654573239724,171.01930491223683,9.38307807279703
248.0,1,931.1538065898933,-802.0652190168879,45.40718967021983,936.0412140681618,-800.6533503183425,42.75847027952439,5.735489472679156
250.0,0,-222.01337351271494,-218.016053840491,176.0541903710284,-217.035694808121,-219.3354755668428,178.52399400072267,5.711224820245483
250.0,1,906.9957643859619,-802.1057278781452,45.431158763454185,915.8529586253038,-801.8236575341256,44.6040965815468,8.900195802629723
252.0,0,-246.22929939036325,-217.98015936138,176.05422319538607,-240.96590981903205,-217.99072763066704,186.44459968876322,11.647459171082685
252.0,1,882.9986900417412,-802.1281151340145,45.428962284466145,892.5051982959496,-802.7692897205362,51.00336944713039,11.038968215050616
254.0,0,-270.21338559228064,-217.93118594579636,175.9987240708502,-269.03731930749933,-212.92597338980426,187.71042763565075,12.790593615099434
254.0,1,858.7807132863124,-802.1269952332724,45.4051688127498,868.4449526646409,-808.4755594385795,58.52729706127465,17.489769581137285
256.0,0,-294.3170263713091,-217.89780083170513,175.94296172277492,-292.6088830759142,-216.61004983563265,186.1209156846588,10.400327061958956
256.0,1,834.6920849723456,-802.1447210553835,45.3745134980687,839.9457637283944,-806.0393390483034,59.88737936919467,15.918305989514932
258.0,0,-318.49514683592344,-217.88825613972364,175.86250731384183,-314.57592209785474,-214.33879817378644,180.50298412405422,7.035126112982168
258.0,1,812.4490192968223,-802.1364610085068,45.33489663793194,810.7774494910561,-806.3490178848664,58.06615680365538,13.513873110971925
260.0,0,-342.12329308725816,-217.81273635206182,175.8030361970638,-339.1184621678656,-222.28614691396885,177.46297522114736,5.638777214360805
260.0,1,793.5040043000846,-802.1666267887468,45.291390071995245,790.8464015112503,-803.6901726489064,57.106715020084835,12.20598001801483
262.0,0,-366.10219344521704,-217.79473928564647,175.74468509086256,-361.4222059866231,-218.84217348657344,172.76853625143153,5.6441884210499795
262.0,1,777.2597288182552,-802.1919217932805,45.21437686564951,767.8232206854758,-802.0657373588404,53.473224945670296,12.540820541749646
264.0,0,-389.81019882556797,-217.7811326231366,175.65306865982694,-386.62869977582466,-217.3332014078279,172.26041634165327,4.6725440960118005
264.0,1,763.8894913918824,-802.1650669218837,45.15217814990631,753.4563638041183,-801.6785349780934,53.551378152021975,13.40273946887104
266.0,0,-414.06502115756075,-217.76404016896754,175.55317845039897,-414.0846239731452,-218.7526152432105,170.73452881278283,4.919049631574328
266.0,1,752.2997853425447,-802.1376044988328,45.1058972785517,736.0805566872931,-801.801288169024,58.541962070858105,21.06429025502848
268.0,0,-437.8105256927114,-217.7518605714835,175.44976580265052,-438.6088418044442,-215.22066098780846,172.32650046682724,4.098666405625628
268.0,1,742.6152614155208,-802.1405267500321,44.999342184295415,724.3500747047052,-799.3215544255893,56.923237196930586,21.994156560761173
270.0,0,-461.76253175156205,-217.71791114424664,175.34872721864014,-460.34962685355504,-217.61939034892958,169.9948598850895,5.538041352606767
270.0,1,734.1117972853925,-802.1957045962058,44.87683917367873,713.9498964153031,-800.9656365410103,52.99141063275152,21.768361998095397
272.0,0,-485.5841065848588,-217.70841729757853,175.21617021417399,-493.02487205383875,-221.66072032798618,172.81421966138493,8.760996317005159
272.0,1,726.96852769351,-802.1327549979635,44.76798596012654,703.1603438641579,-796.9902289526448,45.713495986578216,24.375585748636453
274.0,0,-509.6340834324135,-217.71276323352592,175.08863580191087,-515.073441537142,-216.12251070201785,168.52522298162697,8.671442068935862
274.0,1,721.1906108500377,-802.1546692393723,44.681477147211346,692.6758808232952,-796.4796663053136,42.43099921442415,29.160935131191355
276.0,0,-533.7452026581692,-217.70887734775738,174.9793621187954,-535.1715701815849,-214.25036356021667,174.20983369361934,3.819426125430124
276.0,1,716.0015307345546,-802.136431723483,44.558972678979984,684.8986361967724,-803.9927940804764,44.60542553608974,31.15827799633353
278.0,0,-557.2485653246854,-217.7298329752466,174.84734380060908,-558.0705173256697,-216.2019743018844,173.74805888034095,2.0538706272837977
278.0,1,711.613295306914,-802.1287948149132,44.463112925457146,687.7566601429098,-811.6549583383492,46.86205815112807,25.80003432205876
280.0,0,-581.4702447737773,-217.7181498094354,174.73269170731348,-583.3121527911068,-218.22257209663846,169.90442941231464,5.192223394407957
280.0,1,707.9163794254715,-802.1284450930895,44.353153390783476,686.253862381467,-808.420391265014,48.48429114630748,22.93293549607852
282.0,0,-605.4381741116473,-217.7149739807372,174.64404643732667,-612.3477728734366,-215.31913146970825,172.1281352575422,7.733849329482592
282.0,1,704.4791385589143,-802.1330292094374,44.23645223310499,684.0222991699895,-804.4626466420071,48.43074392971925,21.011936560029028
284.0,0,-629.3610673170474,-217.73151578955333,174.5116222249062,-636.8679610202464,-213.31923617147,170.9166964133052,9.420464749161665
284.0,1,701.9831349333402,-802.1814261017985,44.10389652279195,682.2226971100873,-803.5099926235599,48.782284154857024,20.350118004700835
286.0,0,-653.4580353003679,-217.7562649333823,174.42602762584355,-662.5655974421225,-212.65216144974494,170.71711571221533,11.07951208856479
286.0,1,699.6935516358781,-802.2231978612247,43.999254427308585,676.5689600955476,-806.0867022434534,37.46175568909908,24.33952114916633
288.0,0,-677.4512874069412,-217.77497795995583,174.32629105435387,-682.5332721299169,-209.29711729539352,172.95077987352337,9.97961528220807
288.0,1,698.109942336514,-802.2386326774741,43.90847145975877,678.1213576496933,-805.1915062563475,41.82191097862189,20.31296912803375
290.0,0,-701.4876159853026,-217.7865458507779,174.1999368644151,-706.3878607778561,-206.97142064731239,171.3201481592636,12.217713173090175
290.0,1,696.4326811145596,-802.27316528893,43.763997704642776,678.4460683849916,-798.1138535923869,43.04902523739554,18.475099374600966
292.0,0,-725.2785975612976,-217.80752055157856,174.1387301602085,-730.5870136144492,-214.28699399149755,170.52266699674308,7.3245683187315045
292.0,1,694.9796225698628,-802.2693478763666,43.67399102578159,679.1573635047391,-800.2296778165334,43.69663290345262,15.953201826952931
294.0,0,-749.1268084853881,-217.8485293468723,174.05195227112566,-756.5841330807563,-217.82498591530904,170.31294836929462,8.342205619124984
294.0,1,693.725572374997,-802.26167646157,43.59655408897737,680.8694546472109,-799.3337622932412,40.388448113896864,13.569981147928845
296.0,0,-773.1588576412325,-217.83465426126537,173.97360698122088,-779.3905064693458,-216.95492246362926,171.56227607622708,6.739576536109379
296.0,1,692.6682916083515,-802.2691971816676,43.53317484497618,686.5652301141367,-801.1293089030937,41.15991787168358,6.646732546979694
298.0,0,-797.5078413885839,-217.84875002833158,173.939632553675,-801.974377955386,-222.8395507936787,168.39200189890232,8.696795217995168
298.0,1,691.606730001777,-802.3102280284048,43.446477439596194,688.9588452566463,-798.7931622693957,47.31801948894195,5.862583305723056
300.0,0,-821.5518400562269,-217.875918383783,173.8899108003861,-824.9802153331694,-224.08459658729316,173.49285236646895,7.10345672713209
300.0,1,690.9671446360148,-802.2778267042083,43.398080760209965,687.3654733517326,-799.0465935631348,43.30965197466729,4.839496182673121
302.0,0,-844.9467116672007,-217.86164072560715,173.84335495087169,-847.7675377923349,-224.7607403181843,174.20535296648228,7.462283683956539
302.0,1,690.4402338283895,-802.2721278421062,43.3340373698656,687.3779487211682,-796.1699041967394,41.08302494360889,7.189004134033163
304.0,0,-844.5493605245771,-193.85404271798274,173.83648833167655,-863.6489003013041,-215.18775810616134,174.39719787734126,28.63973161782748
304.0,1,710.2686646858748,-778.2594350687459,43.28080585094112,693.7693459844481,-791.1984224792869,44.10594603030153,20.983940743744522
306.0,0,-844.2249732840027,-170.4364916505405,173.81421447375453,,,,
306.0,1,727.1392011507419,-754.3382133710091,43.234822449209474,701.6487496752427,-778.5426293212288,43.2983672880268,35.15139977102713
308.0,0,-843.9387301502214,-146.88883188291732,173.81207713909842,,,,
308.0,1,741.4933449714214,-730.2085340039013,43.201949790857405,712.3669441534622,-766.1018478894673,44.13518968932235,46.23362567444032
310.0,0,-843.6886151374719,-122.77003371871072,173.82208046811056,-862.2609045162156,-116.76784216285931,162.42537167466517,22.60179655610431
310.0,1,753.6684133786828,-706.3092456464684,43.23358700140904,725.1083853754452,-744.9757829976464,42.60683397755179,48.074620431457106
312.0,0,-843.4785557791776,-98.3608202529832,173.84435933293415,-853.5230567945891,-89.27033926478035,162.44529593354005,17.705013177879533
312.0,1,764.0601334997599,-682.5386043348116,43.198067523555586,740.9465396577366,-724.6694942368067,39.64728118799303,48.18566371680348
314.0,0,-843.3207508963569,-74.3638798856295,173.8960963562997,-847.3319494169162,-64.63405238543308,169.41520609050912,11.438427965807744
314.0,1,772.8397244705618,-658.4018440209331,43.20237023452175,,,,
316.0,0,-843.1469179752611,-50.14255660697614,173.94533798980459,-848.8274677385623,-46.942391207621625,169.32627527213845,7.990334447712467
316.0,1,780.3258104624421,-634.4341913583196,43.22180476236657,774.8577946505184,-627.2913206741962,37.66672794736996,10.572543542122208
318.0,0,-843.0170705551948,-26.156130444930216,174.02737692812497,-840.2101142503335,-18.790616473599016,175.51691854505853,8.02175379750916
318.0,1,786.7065224050493,-610.3356592298317,43.24961598801241,782.4896662386786,-611.386118279142,29.332152547480852,14.580162165101902
320.0,0,-842.962044205014,-2.2123799583063715,174.11117775569153,-832.894235132602,-7.11507950069087,167.6669812945251,12.91994235093745
320.0,1,792.0092412385208,-586.089733541145,43.30690342135406,781.4595490350928,-590.0330845233807,26.272091020587045,20.421333357190306
322.0,0,-842.8721662568829,21.496845623036233,174.1914580729486,-834.761417138884,14.813358925262326,163.87012787152497,14.730346323873732
322.0,1,796.5368082806102,-562.0841050103414,43.35290144143797,785.0104942884846,-564.5973379671638,23.48327572711592,23.10788350688089
324.0,0,-842.7696934829028,45.39380546603447,174.26983893454906,-833.597782144268,46.96598605547943,161.0031392122447,16.20496932830778
324.0,1,800.3930702101724,-537.9126063673497,43.437692202388206,785.1190221006152,-537.2284819332216,22.128969899182103,26.22644120138283
326.0,0,-842.7593010409437,69.23533969033952,174.36377841614438,-837.0037447356689,76.28910245838358,165.53968787851642,12.678587121098657
326.0,1,803.6627061397994,-513.9309576442947,43.53207682262409,795.6940643688117,-517.0883342390384,23.557287621282633,21.73615610620683
328.0,0,-842.7645528735316,93.23493940337984,174.46370930987445,-836.7223778787321,99.84019627603554,168.1917929689142,10.930426872247448
328.0,1,806.4329736157113,-490.1840661964171,43.615362792766746,804.7174160170409,-485.8982380920032,38.615677368354184,6.805021290049203
330.0,0,-842.7193170189,117.27807740962345,174.58978777648377,-837.4684575295654,125.90481989802167,172.73547926524668,10.267943873664143
330.0,1,808.7888622783568,-466.4013007710423,43.72595444356658,809.7740939413243,-461.6768778140285,40.334257597133714,5.898683005940863
332.0,0,-842.7336420363617,141.31954312106237,174.69029376590692,-837.0406313152212,147.0240183157577,172.51250258944668,8.348304182657937
332.0,1,810.800208527856,-442.2951186877865,43.84152202610311,815.2987912446404,-437.487507716471,43.104752753798294,6.625194236539589
334.0,0,-842.7053898644963,165.16621928809144,174.81887800921837,-840.0528252678878,169.8148272596295,178.31380770591394,6.392197477947059
334.0,1,812.5071214707531,-417.99440558348596,43.9571266406894,819.9950388080214,-420.2857246976465,44.393392118129945,7.842791397167665
336.0,0,-842.6813560118593,189.3746788042511,174.9408097771554,-839.1544220968296,191.17384107394125,179.71912356427114,6.2055241810666795
336.0,1,813.9520829276615,-393.8402818702102,44.072227985892205,821.8688679134318,-393.35393290573444,44.695447628401716,7.956156267254562
338.0,0,-842.6384881245438,213.1406816552564,175.07319646583977,-842.2266905590936,215.34675442578373,173.90929612201828,2.5280423877222784
338.0,1,815.1759258867693,-369.85324857538535,44.20470013442336,810.786900013675,-361.965165582449,46.62171448091637,9.344910902159297
340.0,0,-842.5935308887044,237.04317554310444,175.18078073455695,-841.0125012326696,240.25297469687072,179.0114262393592,5.241785036058049
340.0,1,816.2611874897707,-345.40567764450475,44.350303250473395,819.0366429312071,-338.21216936565327,45.08618076724915,7.745400569692946
342.0,0,-842.5899269844206,260.94564108547956,175.29015254465978,-845.5184654628985,262.9451821835784,181.36192154699486,7.031420983032464
342.0,1,817.144109937964,-321.41861204474384,44.45639872913981,822.165100138713,-314.02376890100925,49.93900485695346,10.485848447750696
344.0,0,-842.6006716820987,284.86205137518874,175.37606936781154,-839.0545285544548,285.5566492460496,182.41938539458675,7.916179503836986
344.0,1,817.8734604724306,-297.6358069862956,44.566495961029695,825.8862756643401,-293.0830437868935,49.10234681294109,10.271650451622294
346.0,0,-842.551270521673,308.8965682113674,175.45976491604233,-836.4564861425797,312.831046282425,181.13255167411762,9.20907291326696
346.0,1,818.4971224969046,-273.75821937890805,44.681594379386624,828.9041935695046,-270.39689574360045,48.47419270053781,11.575380206154138
348.0,0,-842.5086923403461,332.973325648859,175.56031026722175,-839.2465677601193,336.06371948793804,175.02828119107767,4.524935999039142
348.0,1,819.0498235780196,-249.59946531135944,44.8120936219899,830.9784553994522,-247.99319154977968,49.205582544546964,12.813083838056473
350.0,0,-842.4923552351432,357.0908481282918,175.6477394956237,-837.5137333731728,364.6374429345469,176.21121747993547,9.058436744443863
350.0,1,819.5326975070641,-225.6542072187075,44.90969328747529,827.6240261955012,-227.35910513848165,48.85139473998028,9.160419597477802
352.0,0,-842.5041382482763,381.14321137055657,175.74652437274167,-832.2564417399828,388.07473672128754,184.97241021248394,15.433026175765784
352.0,1,819.8803782915743,-201.56643618898136,45.00993941245417,828.7390171334721,-204.45683996836664,49.91296345622333,10.52946156804058
354.0,0,-842.5102807722192,405.01690064736835,175.84705648645755,-830.3484799430422,414.2084888298592,186.2402764868145,18.45030391893032
354.0,1,820.2157549859018,-177.4534053188375,45.095926925350014,828.1610669594887,-181.40599904183821,46.07086103430589,8.92756831469436
356.0,0,-842.5088648265828,429.00477511168816,175.94319296698,-840.17681859592,433.9120317792395,187.9408685952991,13.170566734409617
356.0,1,820.5151994053887,-153.68900992975094,45.20324081685748,828.014952683851,-159.93299411184566,46.17811138500472,9.807344713463229
358.0,0,-842.5133488251238,452.7590026471377,176.02153046207644,-841.5947323096983,458.3925901514207,184.06719730108787,9.86478176926351
358.0,1,820.7517342816825,-129.68850637885788,45.27185490859925,823.6664450200564,-135.94682273778275,43.73445056436037,7.0728830369562266
360.0,0,-842.5440725014269,476.82806345752306,176.06850299792475,-842.3656084382786,480.84661834061995,185.38458235958456,10.147411859338371
360.0,1,820.8843699759262,-106.01712525634909,45.33531840666567,828.7230077878297,-106.08176574137748,39.35623731360222,9.858896076941704
362.0,0,-842.5757087391117,500.8410864989376,176.12967097641462,-841.6063265405875,499.8416197440763,178.57709075538025,2.81575908333099
362.0,1,821.0147207630744,-82.24154197660503,45.38455071983734,829.6169345831039,-86.19604879644223,40.676442728483416,10.573669545238147
364.0,0,-842.5571059440452,524.5200605265256,176.13743453304835,-844.9071034950395,518.1921463762327,178.82658779998823,7.266122162216227
364.0,1,821.193013186067,-58.382293726720114,45.43823660383484,823.2486941803598,-59.419190919584906,43.30310159754417,3.1400289224711933
366.0,0,-842.5405127484639,548.4690707113294,176.15412537122467,-844.9801290572525,542.4405477253912,172.97556431191236,7.238650947094325
366.0,1,821.2597095734484,-34.414916520361615,45.43604586184551,820.8770132263895,-35.510736852928396,46.4540253526734,1.5438785376658308
368.0,0,-842.5402209693405,572.464304646806,176.1301351991457,-845.4385511544095,564.8455853830199,178.3283058563146,8.442579897170479
368.0,1,821.3623356211516,-10.55972113503255,45.45591088546969,827.4447000664117,-16.305199437583873,42.96036975176268,8.73117424634713
370.0,0,-842.5195087684963,596.2466990718989,176.0939710490787,-846.1014010210745,597.4330438189465,179.4701164575132,5.063173292197358
370.0,1,821.4278318055307,13.696511598609211,45.47203325357667,828.1585988974869,10.570944754174356,45.23631679044354,7.424820266927862
372.0,0,-842.5200527972052,620.344612228711,176.04584927605097,-847.2115783752912,619.4225304864598,179.22516920766657,5.741839619564164
372.0,1,821.4878480609489,37.469598175845384,45.44928585756424,829.2843108975228,37.340319836882045,42.90783355795392,8.2012514558571
374.0,0,-842.5232587440752,644.5353823904111,175.99657787988235,-844.170813450181,642.0872510636964,178.7772736482878,4.0546334555519525
374.0,1,821.5355153759409,61.52102250826842,45.44776053715005,827.9502379959009,58.98645675987051,45.77832256743547,6.9052126020742355
376.0,0,-842.508250553969,668.5855243879907,175.93860366655193,-843.616620660133,671.3961212721821,181.13224974573808,6.008485560730735
376.0,1,821.5733209460248,85.67975856697204,45.40438191248189,823.9621005616299,81.45979649151646,41.15723142386787,6.446133355985454
378.0,0,-842.5377973587639,692.7468420923532,175.86570795201754,-840.6309064404624,694.2659899464333,179.34714464461408,4.250228772832643
378.0,1,821.6379098485417,109.66006979942131,45.38976211414115,819.2241124450591,101.72706187778897,41.63735976355463,9.101623810641042
380.0,0,-842.5263326759449,716.6014090015477,175.82269497874458,-839.8637234736176,718.5815276686664,177.29663113287424,3.6308188451973527
380.0,1,821.6147526239315,134.04768228152724,45.35386370460392,824.7410478729952,130.63503130793652,44.15565313017766,4.7807548810344525
382.0,0,-842.5372654327101,740.7606292356337,175.72361206989046,-840.6060559083213,743.2369376290094,175.25477859857898,3.1751343766862683
382.0,1,821.6419443847191,158.01160983010894,45.31380758875817,824.0319659616896,156.57054600941234,43.161526179620914,3.524369920684153
384.0,0,-842.5373175483596,764.663233982883,175.65293310938915,-839.3662453009698,767.4780029015863,180.40618854540844,6.369620122417892
384.0,1,821.6655427271577,182.15083265672845,45.19732657083232,824.7000817126795,178.3449416650539,44.78982468710277,4.884597309953466
386.0,0,-842.559509731751,788.7775356828389,175.57626020482437,-839.10158713141,790.0173098138596,173.37968639065622,4.280094055857384
386.0,1,821.7177442258603,206.54242166717364,45.10424649033321,824.8487747554426,200.71134938066285,43.3568817615192,6.845293250343172
388.0,0,-842.5453728464015,812.5786277233635,175.45552389022842,-837.8949688216904,815.0761723294765,174.84205437466412,5.314163292476045
388.0,1,821.724621716822,230.2760348807057,45.01066464245802,824.1387117747382,226.32539657368915,42.074804382722895,5.482212081385472
390.0,0,-842.5421302061554,836.3346174007361,175.3358181157866,-843.9337590612632,838.2444219687998,175.65206782513556,2.384113721538653
390.0,1,821.7808872897211,254.00938734660718,44.929688801823204,822.7476991793633,251.8501181892512,44.75743650755045,2.372095988096709
392.0,0,-842.5775253964646,860.6024213632991,175.20856333126858,-843.5567883736492,863.9037235419078,173.71481637791123,3.753509293132932
392.0,1,821.7867821893893,278.2315073195336,44.8021412583948,829.0849479011823,281.5006906499854,44.80408621615706,7.996923545198844
394.0,0,-842.3664278474081,901.5621196497934,175.0514197051836,-844.5669892028603,890.7794420214141,173.8238827653815,11.073186264812907
394.0,1,822.0926345681111,318.7234756375622,44.60021942406556,827.4632640422362,310.4388507713437,37.91269471908665,11.924833617372244
396.0,0,-842.172768002054,934.571380820515,174.96206425381928,-838.5363599940911,922.2002760192848,177.8173150063959,13.206822254557858
396.0,1,822.4022426116913,351.4592860270864,44.44003947381692,823.1133202776219,343.83503342283916,38.32526006462719,9.799254382013313
398.0,0,-841.9330592948623,955.1493327751182,174.89619618498546,-837.7744262428015,947.803796846838,172.8819538429847,8.678035442867
398.0,1,822.7231502247264,371.2989372744207,44.33500067247689,820.1619513520653,367.27265689003815,36.0150165695974,9.591288175795345
400.0,0,-841.6637476889291,952.7215029328387,174.95853559246495,-841.4348696212048,969.5166697258608,175.1616358172212,16.797954115802696
400.0,1,823.1252570838856,368.14647620000426,44.31990021510384,819.3987354069975,380.61208458776315,35.4033816530397,15.772845639037866
